Title, Link 
, #elementor-action%3Aaction%3Dpopup%3Aopen%26settings%3DeyJpZCI6IjgyNDMiLCJ0b2dnbGUiOmZhbHNlfQ%3D%3D, 
, /alumni, 
, undefined, 
, /alumni, 
, undefined, 
, /alumni, 
, undefined, 
, /alumni, 
, undefined, 
, /alumni, 
, undefined, 
, undefined, 
, undefined, 
, undefined, 
, https://learn.devmountain.com/birthday-discount-2020, 
, undefined, 
Web DevelopmentiOS DevelopmentUX DesignSoftware QAWeb DevelopmentUX DesignSoftware QAiOS Development, #tab-full-time, 
Web DevelopmentiOS DevelopmentUX DesignSoftware QA, /web-bootcamp-immersive%20, 
Web Development, /web-bootcamp-immersive%20, 
iOS Development, /ios-bootcamp-immersive%20, 
UX Design, /ux-bootcamp-immersive%20, 
Software QA, /qa-bootcamp-immersive, 
Web DevelopmentUX DesignSoftware QAiOS Development, /web-bootcamp-immersive%20, 
Web Development, /web-bootcamp-immersive%20, 
UX Design, /ux-bootcamp-immersive%20, 
Software QA, /qa-bootcamp-immersive, 
iOS Development, /ios-bootcamp-immersive%20, 
, #tab-full-time, 
, /web-bootcamp-immersive, 
, /ios-bootcamp-immersive, 
, /ux-bootcamp-immersive, 
, /qa-bootcamp-immersive, 
, /web-bootcamp-immersive, 
, /ios-bootcamp-immersive, 
, /ux-bootcamp-immersive, 
, /qa-bootcamp-immersive, 
, /housing, 
, /housing, 
, /housing, 
, /housing, 
, /web-bootcamp-immersive%20, 
, /ux-bootcamp-immersive%20, 
, /qa-bootcamp-immersive, 
, undefined, 
, /web-bootcamp-immersive%20, 
, /ux-bootcamp-immersive, 
, /qa-bootcamp-immersive, 
, undefined, 
, /web-bootcamp-immersive, 
, /ux-bootcamp-immersive, 
, /qa-bootcamp-immersive, 
, undefined, 
, /lehi-utah-bootcamp, 
, /lehi-utah-bootcamp, 
, undefined, 
, /application-process, 
, undefined, 
, /application-process, 
, undefined, 
, /outcomes/, 
, https://www.facebook.com/groups/devmountain/, 
, undefined, 
